уi,ax,ay,bx,by,err_px
0,178.512,247.557,178.737,247.443,0.2516
1,238.935,247.287,239.187,247.209,0.2638
2,299.263,247.119,299.472,246.940,0.2754
3,359.508,246.891,359.667,246.730,0.2268
4,419.719,246.704,419.893,246.565,0.2227
5,479.863,246.520,480.010,246.383,0.2007
6,539.922,246.386,540.055,246.235,0.2011
7,599.974,246.314,600.122,246.108,0.2536
8,659.936,246.162,660.013,246.005,0.1753
9,719.944,246.042,719.960,245.943,0.1008
10,779.790,246.004,779.864,245.815,0.2024
11,839.824,245.970,839.814,245.791,0.1801
12,899.582,245.932,899.611,245.756,0.1788
13,959.552,245.893,959.522,245.742,0.1541
14,1019.394,245.902,1019.360,245.771,0.1351
15,1079.328,245.922,1079.301,245.800,0.1246
16,1139.165,245.979,1139.132,245.825,0.1570
17,1199.168,246.073,1199.074,245.878,0.2171
18,1259.059,246.164,1258.958,245.997,0.1953
19,1319.092,246.276,1318.940,246.085,0.2438
20,1379.103,246.396,1378.952,246.226,0.2276
21,1439.207,246.569,1439.053,246.395,0.2321
22,1499.287,246.697,1499.173,246.554,0.1829
23,1559.520,246.896,1559.339,246.738,0.2406
24,1619.811,247.060,1619.617,246.951,0.2225
25,1680.116,247.324,1679.891,247.190,0.2609
26,1740.511,247.546,1740.293,247.421,0.2519
27,178.244,307.024,178.505,306.795,0.3467
28,238.733,306.753,238.934,306.559,0.2794
29,299.051,306.505,299.266,306.328,0.2782
30,359.401,306.241,359.552,306.081,0.2198
31,419.577,306.042,419.782,305.853,0.2782
32,479.708,305.826,479.864,305.657,0.2306
33,539.880,305.632,539.967,305.458,0.1944
34,599.875,305.487,599.984,305.322,0.1975
35,659.947,305.331,659.990,305.186,0.1511
36,719.815,305.232,719.894,305.090,0.1619
37,779.789,305.220,779.893,304.961,0.2789
38,839.687,305.112,839.749,304.917,0.2046
39,899.630,305.115,899.633,304.880,0.2352
40,959.506,305.073,959.503,304.868,0.2049
41,1019.388,305.049,1019.421,304.886,0.1661
42,1079.277,305.138,1079.255,304.937,0.2014
43,1139.269,305.138,1139.228,304.991,0.1520
44,1199.085,305.262,1199.099,305.092,0.1702
45,1259.150,305.391,1259.052,305.199,0.2157
46,1319.110,305.472,1318.977,305.305,0.2132
47,1379.215,305.625,1379.034,305.477,0.2343
48,1439.288,305.826,1439.199,305.697,0.1570
49,1499.449,306.009,1499.297,305.832,0.2332
50,1559.667,306.226,1559.492,306.076,0.2306
51,1619.947,306.467,1619.763,306.308,0.2431
52,1680.330,306.755,1680.124,306.565,0.2810
53,1740.766,307.004,1740.545,306.830,0.2814
54,177.979,366.517,178.240,366.363,0.3031
55,238.397,366.170,238.648,366.050,0.2783
56,298.861,365.877,299.057,365.694,0.2674
57,359.219,365.606,359.413,365.429,0.2627
58,419.448,365.368,419.609,365.202,0.2309
59,479.630,365.152,479.745,364.963,0.2215
60,539.720,364.928,539.833,364.731,0.2273
61,599.793,364.824,599.910,364.555,0.2933
62,659.815,364.597,659.898,364.410,0.2048
63,719.844,364.472,719.866,364.299,0.1739
64,779.739,364.392,779.829,364.224,0.1918
65,839.709,364.340,839.753,364.127,0.2171
66,899.590,364.280,899.594,364.097,0.1834
67,959.512,364.313,959.522,364.096,0.2177
68,1019.397,364.280,1019.389,364.078,0.2022
69,1079.363,364.341,1079.326,364.155,0.1898
70,1139.232,364.419,1139.195,364.210,0.2120
71,1199.275,364.486,1199.209,364.311,0.1871
72,1259.176,364.608,1259.082,364.426,0.2060
73,1319.254,364.745,1319.150,364.551,0.2194
74,1379.266,364.919,1379.156,364.758,0.1951
75,1439.440,365.138,1439.291,364.923,0.2619
76,1499.583,365.370,1499.468,365.157,0.2418
77,1559.880,365.607,1559.667,365.441,0.2701
78,1620.206,365.959,1619.953,365.747,0.3307
79,1680.568,366.214,1680.353,366.025,0.2862
80,1741.067,366.485,1740.799,366.360,0.2961
81,177.598,426.086,177.874,425.945,0.3101
82,238.203,425.715,238.393,425.538,0.2602
83,298.672,425.449,298.847,425.196,0.3082
84,358.993,425.065,359.160,424.852,0.2705
85,419.264,424.766,419.410,424.574,0.2408
86,479.437,424.528,479.625,424.340,0.2661
87,539.635,424.307,539.727,424.121,0.2077
88,599.699,424.087,599.769,423.907,0.1930
89,659.740,423.897,659.831,423.711,0.2071
90,719.669,423.844,719.773,423.566,0.2968
91,779.743,423.694,779.803,423.497,0.2056
92,839.634,423.589,839.689,423.403,0.1939
93,899.632,423.574,899.626,423.337,0.2366
94,959.517,423.522,959.485,423.350,0.1754
95,1019.490,423.558,1019.458,423.367,0.1937
96,1079.346,423.601,1079.334,423.402,0.1995
97,1139.371,423.667,1139.292,423.474,0.2082
98,1199.229,423.829,1199.199,423.564,0.2660
99,1259.342,423.931,1259.255,423.733,0.2163
100,1319.321,424.129,1319.182,423.898,0.2697
101,1379.432,424.306,1379.298,424.099,0.2469
102,1439.521,424.559,1439.431,424.362,0.2166
103,1499.793,424.803,1499.616,424.601,0.2694
104,1560.033,425.033,1559.872,424.884,0.2196
105,1620.439,425.390,1620.261,425.195,0.2639
106,1680.875,425.708,1680.688,425.528,0.2589
107,1741.397,426.137,1741.184,425.919,0.3047
108,177.245,485.827,177.460,485.613,0.3038
109,237.820,485.438,237.998,485.155,0.3342
110,298.329,485.054,298.505,484.787,0.3196
111,358.711,484.620,358.859,484.476,0.2066
112,419.033,484.304,419.202,484.107,0.2587
113,479.315,484.040,479.447,483.801,0.2732
114,539.423,483.772,539.543,483.527,0.2726
115,599.609,483.499,599.741,483.335,0.2096
116,659.589,483.321,659.688,483.100,0.2423
117,719.723,483.165,719.726,482.944,0.2214
118,779.627,483.033,779.693,482.815,0.2275
119,839.703,482.956,839.663,482.698,0.2612
120,899.573,482.868,899.576,482.679,0.1897
121,959.513,482.876,959.526,482.641,0.2353
122,1019.467,482.884,1019.421,482.666,0.2224
123,1079.410,482.949,1079.390,482.738,0.2114
124,1139.326,483.055,1139.315,482.845,0.2109
125,1199.420,483.170,1199.358,482.917,0.2610
126,1259.368,483.341,1259.252,483.138,0.2336
127,1319.512,483.538,1319.372,483.286,0.2885
128,1379.544,483.738,1379.411,483.516,0.2585
129,1439.777,484.024,1439.616,483.798,0.2772
130,1499.966,484.324,1499.805,484.115,0.2636
131,1560.295,484.643,1560.145,484.428,0.2616
132,1620.736,485.028,1620.515,484.811,0.3102
133,1681.194,485.410,1680.964,485.216,0.3003
134,1741.827,485.851,1741.563,485.627,0.3463
135,176.800,545.670,176.945,545.406,0.3008
136,237.430,545.209,237.605,544.965,0.3010
137,297.938,544.766,298.139,544.516,0.3209
138,358.411,544.345,358.586,544.107,0.2963
139,418.795,543.917,418.904,543.734,0.2132
140,479.026,543.612,479.208,543.394,0.2840
141,539.267,543.288,539.394,543.083,0.2416
142,599.393,543.065,599.492,542.800,0.2824
143,659.543,542.867,659.650,542.619,0.2692
144,719.520,542.638,719.604,542.423,0.2302
145,779.624,542.493,779.681,542.277,0.2239
146,839.567,542.430,839.601,542.181,0.2511
147,899.570,542.324,899.578,542.111,0.2132
148,959.508,542.343,959.498,542.092,0.2503
149,1019.486,542.375,1019.482,542.096,0.2791
150,1079.471,542.436,1079.407,542.189,0.2549
151,1139.465,542.537,1139.417,542.284,0.2580
152,1199.429,542.665,1199.365,542.425,0.2485
153,1259.556,542.849,1259.445,542.610,0.2633
154,1319.583,543.066,1319.488,542.825,0.2590
155,1379.801,543.288,1379.652,543.114,0.2289
156,1439.971,543.670,1439.826,543.354,0.3472
157,1500.258,543.933,1500.117,543.703,0.2701
158,1560.646,544.313,1560.434,544.073,0.3201
159,1621.095,544.730,1620.873,544.529,0.3001
160,1681.611,545.214,1681.396,544.956,0.3362
161,1742.247,545.631,1742.027,545.429,0.2985
162,176.265,605.607,176.488,605.415,0.2947
163,237.009,605.090,237.128,604.860,0.2588
164,297.584,604.620,297.729,604.364,0.2939
165,358.046,604.133,358.138,603.904,0.2467
166,418.437,603.728,418.586,603.495,0.2765
167,478.876,603.358,478.938,603.075,0.2893
168,539.007,603.021,539.145,602.781,0.2766
169,599.289,602.712,599.337,602.472,0.2452
170,659.338,602.439,659.453,602.232,0.2371
171,719.508,602.306,719.565,602.022,0.2900
172,779.493,602.128,779.520,601.793,0.3357
173,839.542,601.941,839.575,601.736,0.2083
174,899.557,601.941,899.534,601.632,0.3095
175,959.515,601.896,959.489,601.626,0.2708
176,1019.493,601.891,1019.505,601.643,0.2478
177,1079.572,601.984,1079.514,601.734,0.2573
178,1139.515,602.128,1139.484,601.820,0.3093
179,1199.652,602.256,1199.584,601.992,0.2730
180,1259.639,602.452,1259.579,602.180,0.2788
181,1319.825,602.734,1319.713,602.466,0.2906
182,1380.042,603.004,1379.840,602.763,0.3146
183,1440.294,603.341,1440.115,603.119,0.2860
184,1500.577,603.695,1500.419,603.489,0.2600
185,1560.996,604.159,1560.820,603.923,0.2937
186,1621.495,604.608,1621.293,604.350,0.3277
187,1682.067,605.114,1681.864,604.865,0.3219
188,1742.868,605.613,1742.547,605.400,0.3854
189,175.669,665.789,175.826,665.588,0.2550
190,236.442,665.201,236.590,664.942,0.2978
191,297.112,664.634,297.273,664.423,0.2646
192,357.609,664.091,357.775,663.848,0.2942
193,418.015,663.587,418.291,663.386,0.3411
194,478.474,663.246,478.613,662.942,0.3338
195,538.762,662.842,538.893,662.573,0.2991
196,598.977,662.519,599.115,662.260,0.2932
197,659.276,662.204,659.330,662.020,0.1917
198,719.289,662.010,719.345,661.731,0.2848
199,779.420,661.773,779.490,661.569,0.2162
200,839.423,661.711,839.465,661.416,0.2972
201,899.545,661.649,899.515,661.366,0.2846
202,959.487,661.631,959.461,661.360,0.2722
203,1019.562,661.607,1019.535,661.324,0.2836
204,1079.531,661.737,1079.525,661.452,0.2852
205,1139.697,661.817,1139.624,661.563,0.2642
206,1199.714,662.033,1199.653,661.709,0.3289
207,1259.905,662.254,1259.787,661.964,0.3134
208,1320.018,662.445,1319.852,662.250,0.2562
209,1380.280,662.846,1380.142,662.591,0.2894
210,1440.550,663.286,1440.413,662.963,0.3509
211,1500.941,663.631,1500.788,663.425,0.2571
212,1561.458,664.130,1561.261,663.850,0.3419
213,1621.983,664.606,1621.758,664.408,0.3005
214,1682.628,665.221,1682.417,664.972,0.3264
215,1743.387,665.799,1743.226,665.570,0.2802
216,174.953,726.172,175.111,725.951,0.2722
217,235.747,725.471,235.973,725.185,0.3648
218,296.514,724.883,296.667,724.623,0.3026
219,357.135,724.312,357.289,724.086,0.2741
220,417.634,723.788,417.761,723.515,0.3012
221,478.130,723.293,478.238,723.088,0.2324
222,538.433,722.892,538.537,722.596,0.3143
223,598.752,722.527,598.888,722.256,0.3033
224,658.943,722.197,659.049,721.924,0.2937
225,719.203,721.930,719.213,721.671,0.2584
226,779.224,721.700,779.307,721.467,0.2471
227,839.436,721.598,839.443,721.312,0.2858
228,899.452,721.471,899.428,721.217,0.2544
229,959.491,721.484,959.526,721.208,0.2788
230,1019.573,721.487,1019.557,721.247,0.2405
231,1079.686,721.542,1079.650,721.325,0.2194
232,1139.705,721.710,1139.674,721.419,0.2928
233,1199.957,721.939,1199.879,721.645,0.3044
234,1260.073,722.138,1259.925,721.907,0.2747
235,1320.357,722.508,1320.218,722.226,0.3138
236,1380.530,722.890,1380.441,722.571,0.3307
237,1440.960,723.316,1440.798,723.072,0.2930
238,1501.376,723.813,1501.226,723.521,0.3283
239,1561.899,724.312,1561.729,724.051,0.3114
240,1622.584,724.848,1622.375,724.592,0.3309
241,1683.255,725.514,1683.052,725.294,0.2991
242,1744.078,726.191,1743.931,725.993,0.2469
243,174.148,786.788,174.294,786.596,0.2407
244,235.041,786.072,235.215,785.796,0.3262
245,295.852,785.306,295.993,785.079,0.2670
246,356.554,784.693,356.700,784.463,0.2721
247,417.171,784.112,417.301,783.916,0.2344
248,477.635,783.598,477.789,783.355,0.2878
249,538.146,783.091,538.242,782.872,0.2390
250,598.397,782.718,598.507,782.433,0.3058
251,658.794,782.339,658.822,782.101,0.2396
252,718.914,782.069,718.950,781.749,0.3213
253,779.200,781.810,779.245,781.562,0.2519
254,839.225,781.707,839.285,781.415,0.2983
255,899.419,781.592,899.430,781.324,0.2682
256,959.465,781.542,959.518,781.260,0.2869
257,1019.684,781.593,1019.622,781.317,0.2827
258,1079.687,781.666,1079.673,781.386,0.2808
259,1139.979,781.893,1139.850,781.574,0.3440
260,1200.065,782.136,1199.969,781.784,0.3644
261,1260.363,782.354,1260.321,782.104,0.2539
262,1320.551,782.685,1320.447,782.405,0.2995
263,1380.997,783.132,1380.867,782.845,0.3152
264,1441.328,783.614,1441.220,783.392,0.2468
265,1501.888,784.192,1501.736,783.869,0.3576
266,1562.481,784.729,1562.316,784.451,0.3230
267,1623.176,785.357,1622.999,785.133,0.2855
268,1684.016,786.008,1683.840,785.857,0.2319
269,1744.914,786.809,1744.716,786.596,0.2907
270,173.172,847.766,173.365,847.523,0.3101
271,234.150,846.952,234.407,846.691,0.3664
272,295.099,846.143,295.271,845.863,0.3281
273,355.907,845.402,356.021,845.098,0.3242
274,416.542,844.709,416.696,844.490,0.2679
275,477.204,844.172,477.264,843.949,0.2312
276,537.629,843.653,537.729,843.345,0.3241
277,598.133,843.223,598.256,842.902,0.3441
278,658.321,842.804,658.489,842.512,0.3366
279,718.776,842.479,718.796,842.199,0.2809
280,778.923,842.226,778.942,841.939,0.2882
281,839.198,842.051,839.263,841.746,0.3121
282,899.382,841.927,899.368,841.659,0.2685
283,959.532,841.915,959.513,841.654,0.2613
284,1019.632,841.938,1019.654,841.676,0.2624
285,1079.944,842.080,1079.870,841.754,0.3341
286,1140.005,842.253,1139.971,841.934,0.3205
287,1200.405,842.509,1200.335,842.204,0.3129
288,1260.503,842.779,1260.476,842.536,0.2446
289,1321.021,843.175,1320.884,842.903,0.3043
290,1381.316,843.657,1381.208,843.315,0.3583
291,1441.927,844.185,1441.742,843.913,0.3282
292,1502.472,844.739,1502.298,844.506,0.2906
293,1563.103,845.402,1562.969,845.190,0.2499
294,1623.957,846.156,1623.797,845.911,0.2926
295,1684.837,846.935,1684.682,846.707,0.2755
296,1745.848,847.688,1745.751,847.525,0.1896
297,172.047,909.061,172.206,908.867,0.2508
298,233.230,908.120,233.381,907.874,0.2893
299,294.193,907.245,294.371,907.018,0.2877
300,355.137,906.509,355.289,906.234,0.3148
301,415.882,905.703,416.020,905.444,0.2934
302,476.509,905.081,476.654,904.794,0.3212
303,537.259,904.519,537.268,904.176,0.3430
304,597.551,903.999,597.690,903.684,0.3453
305,658.139,903.570,658.186,903.227,0.3466
306,718.372,903.202,718.423,902.897,0.3096
307,778.819,902.933,778.836,902.624,0.3097
308,838.977,902.677,839.008,902.431,0.2481
309,899.325,902.555,899.313,902.301,0.2543
310,959.488,902.569,959.530,902.210,0.3621
311,1019.739,902.576,1019.745,902.335,0.2413
312,1079.994,902.749,1079.916,902.419,0.3393
313,1140.396,902.906,1140.289,902.589,0.3338
314,1200.452,903.239,1200.450,902.886,0.3535
315,1261.050,903.511,1260.922,903.285,0.2600
316,1321.260,903.978,1321.183,903.634,0.3524
317,1381.959,904.499,1381.806,904.238,0.3031
318,1442.341,905.103,1442.229,904.809,0.3143
319,1503.174,905.759,1502.995,905.468,0.3416
320,1563.915,906.439,1563.770,906.171,0.3040
321,1624.787,907.286,1624.660,907.062,0.2580
322,1685.838,908.109,1685.730,907.885,0.2488
323,1746.950,909.075,1746.782,908.820,0.3056
324,170.797,970.831,170.907,970.617,0.2406
325,232.052,969.745,232.167,969.604,0.1818
326,293.220,968.811,293.354,968.598,0.2517
327,354.203,967.900,354.358,967.696,0.2565
328,415.062,967.117,415.227,966.854,0.3106
329,475.949,966.373,476.031,966.095,0.2889
330,536.488,965.756,536.625,965.471,0.3162
331,597.245,965.229,597.302,964.910,0.3241
332,657.577,964.693,657.639,964.424,0.2761
333,718.234,964.303,718.259,964.008,0.2965
334,778.413,963.955,778.457,963.663,0.2956
335,838.946,963.717,838.896,963.433,0.2884
336,899.166,963.647,899.202,963.343,0.3063
337,959.496,963.611,959.480,963.321,0.2898
338,1019.847,963.615,1019.817,963.341,0.2760
339,1080.284,963.741,1080.169,963.475,0.2902
340,1140.423,963.920,1140.354,963.661,0.2682
341,1201.086,964.288,1200.931,964.013,0.3155
342,1261.338,964.643,1261.181,964.370,0.3151
343,1321.978,965.176,1321.841,964.866,0.3388
344,1382.291,965.722,1382.330,965.444,0.2812
345,1443.225,966.371,1443.087,966.122,0.2843
346,1503.874,967.101,1503.766,966.889,0.2382
347,1564.875,967.950,1564.713,967.677,0.3178
348,1625.902,968.763,1625.638,968.586,0.3185
349,1686.967,969.780,1686.840,969.568,0.2479
350,1748.223,970.845,1748.172,970.661,0.1913
351,169.272,1033.078,169.326,1032.961,0.1294
352,230.747,1031.959,230.820,1031.761,0.2106
353,291.998,1030.923,292.114,1030.716,0.2369
354,353.182,1029.926,353.271,1029.678,0.2638
355,414.240,1029.086,414.262,1028.843,0.2445
356,474.999,1028.168,475.157,1027.917,0.2960
357,536.062,1027.381,536.087,1027.154,0.2287
358,596.466,1026.813,596.552,1026.509,0.3158
359,657.308,1026.254,657.313,1026.018,0.2358
360,717.620,1025.794,717.674,1025.553,0.2472
361,778.320,1025.497,778.367,1025.159,0.3414
362,838.616,1025.243,838.622,1024.911,0.3325
363,899.140,1025.048,899.119,1024.793,0.2559
364,959.510,1025.016,959.506,1024.778,0.2384
365,1019.949,1025.099,1019.907,1024.798,0.3040
366,1080.291,1025.238,1080.286,1024.942,0.2964
367,1140.922,1025.486,1140.816,1025.203,0.3024
368,1201.169,1025.827,1201.165,1025.555,0.2725
369,1262.001,1026.261,1261.874,1025.969,0.3184
370,1322.360,1026.873,1322.281,1026.549,0.3338
371,1383.273,1027.468,1383.148,1027.240,0.2602
372,1443.796,1028.132,1443.724,1027.932,0.2120
373,1504.922,1029.002,1504.807,1028.725,0.2999
374,1565.844,1029.829,1565.764,1029.629,0.2163
375,1627.023,1030.903,1626.938,1030.662,0.2557
376,1688.314,1031.957,1688.232,1031.747,0.2254
377,1749.726,1033.179,1749.644,1032.988,0.2081
378,167.484,1096.143,167.642,1095.984,0.2235
379,229.133,1094.767,229.199,1094.759,0.0666
380,290.612,1093.609,290.713,1093.451,0.1873
381,351.903,1092.568,352.033,1092.247,0.3461
382,413.061,1091.489,413.157,1091.273,0.2358
383,474.255,1090.603,474.335,1090.347,0.2685
384,534.948,1089.705,535.059,1089.497,0.2359
385,596.100,1089.011,596.127,1088.738,0.2751
386,656.411,1088.471,656.556,1088.201,0.3066
387,717.485,1087.881,717.463,1087.709,0.1736
388,777.754,1087.581,777.818,1087.307,0.2815
389,838.565,1087.287,838.542,1087.009,0.2785
390,898.936,1087.117,898.957,1086.803,0.3145
391,959.522,1087.068,959.528,1086.773,0.2950
392,1020.018,1087.074,1019.983,1086.846,0.2312
393,1080.688,1087.292,1080.640,1087.026,0.2707
394,1140.983,1087.529,1141.005,1087.270,0.2607
395,1201.954,1087.976,1201.826,1087.678,0.3239
396,1262.129,1088.452,1262.213,1088.133,0.3295
397,1323.260,1089.027,1323.242,1088.768,0.2589
398,1383.771,1089.734,1383.785,1089.493,0.2413
399,1445.042,1090.557,1444.850,1090.360,0.2750
400,1505.870,1091.585,1505.728,1091.146,0.4614
401,1567.170,1092.493,1567.094,1092.380,0.1365
402,1628.425,1093.557,1628.270,1093.360,0.2504
403,1689.877,1094.853,1689.819,1094.682,0.1806
404,1751.516,1096.182,1751.505,1095.963,0.2191
405,165.428,1160.157,165.365,1159.959,0.2082
406,227.267,1158.613,227.377,1158.467,0.1826
407,288.886,1157.216,288.999,1156.998,0.2455
408,350.420,1155.920,350.459,1155.772,0.1527
409,411.905,1154.782,412.000,1154.647,0.1649
410,472.858,1153.718,472.935,1153.517,0.2155
411,534.350,1152.857,534.344,1152.616,0.2411
412,594.862,1152.041,594.978,1151.798,0.2685
413,656.180,1151.324,656.300,1151.071,0.2802
414,716.603,1150.773,716.603,1150.540,0.2329
415,777.776,1150.282,777.751,1150.032,0.2514
416,838.092,1150.060,838.208,1149.786,0.2976
417,898.949,1149.818,898.947,1149.568,0.2500
418,959.458,1149.818,959.523,1149.594,0.2337
419,1020.147,1149.850,1020.218,1149.569,0.2897
420,1080.684,1150.025,1080.771,1149.750,0.2880
421,1141.724,1150.420,1141.660,1150.110,0.3159
422,1202.030,1150.815,1202.087,1150.568,0.2543
423,1263.338,1151.367,1263.213,1151.109,0.2868
424,1323.670,1151.956,1323.630,1151.787,0.1738
425,1385.156,1152.815,1385.043,1152.597,0.2453
426,1445.868,1153.787,1445.846,1153.542,0.2458
427,1507.402,1154.774,1507.280,1154.570,0.2376
428,1568.536,1155.925,1568.418,1155.786,0.1834
429,1630.103,1157.233,1630.077,1157.088,0.1476
430,1691.861,1158.570,1691.683,1158.414,0.2369
431,1753.630,1160.101,1753.557,1160.008,0.1192
432,162.875,1225.134,162.910,1225.082,0.0624
433,224.998,1223.381,225.024,1223.370,0.0287
434,286.816,1221.833,286.873,1221.729,0.1188
435,348.812,1220.411,348.732,1220.299,0.1381
436,410.064,1219.073,410.111,1218.938,0.1422
437,471.912,1217.935,472.009,1217.658,0.2940
438,532.698,1216.794,532.742,1216.665,0.1368
439,594.366,1215.909,594.408,1215.729,0.1847
440,655.033,1215.185,654.986,1214.954,0.2364
441,716.344,1214.565,716.447,1214.312,0.2737
442,776.785,1214.013,776.897,1213.808,0.2344
443,838.012,1213.748,838.028,1213.502,0.2468
444,898.650,1213.505,898.682,1213.258,0.2490
445,959.529,1213.420,959.477,1213.130,0.2949
446,1020.280,1213.536,1020.206,1213.296,0.2509
447,1081.276,1213.690,1081.270,1213.484,0.2062
448,1141.686,1214.058,1141.745,1213.848,0.2185
449,1203.201,1214.559,1202.987,1214.376,0.2815
450,1263.457,1215.237,1263.533,1214.982,0.2654
451,1325.249,1215.915,1325.159,1215.777,0.1642
452,1385.832,1216.872,1385.746,1216.638,0.2491
453,1447.661,1217.899,1447.545,1217.744,0.1932
454,1508.593,1219.111,1508.567,1218.922,0.1905
455,1570.548,1220.476,1570.459,1220.307,0.1910
456,1632.197,1221.819,1632.031,1221.661,0.2291
457,1694.050,1223.446,1694.053,1223.423,0.0232
458,1756.283,1225.048,1756.178,1225.097,0.1149
459,159.684,1291.828,159.594,1291.689,0.1666
460,221.953,1289.773,222.107,1289.776,0.1534
461,284.401,1288.102,284.516,1287.844,0.2826
462,346.269,1286.357,346.350,1286.299,0.1005
463,408.636,1284.690,408.585,1284.589,0.1130
464,469.673,1283.487,469.795,1283.293,0.2287
465,531.897,1282.096,531.929,1282.066,0.0435
466,592.500,1281.109,592.604,1281.001,0.1506
467,654.639,1280.320,654.585,1280.054,0.2719
468,715.081,1279.557,715.076,1279.423,0.1341
469,776.734,1279.063,776.733,1278.778,0.2845
470,837.324,1278.676,837.436,1278.441,0.2602
471,898.618,1278.410,898.619,1278.155,0.2554
472,959.419,1278.292,959.422,1278.084,0.2078
473,1020.577,1278.366,1020.614,1278.081,0.2883
474,1081.338,1278.595,1081.295,1278.356,0.2432
475,1142.926,1278.988,1142.795,1278.765,0.2591
476,1203.285,1279.554,1203.306,1279.380,0.1750
477,1264.988,1280.289,1264.919,1280.133,0.1710
478,1325.604,1281.152,1325.703,1281.032,0.1564
479,1387.857,1282.269,1387.876,1282.143,0.1271
480,1448.692,1283.476,1448.628,1283.360,0.1332
481,1511.057,1284.842,1510.916,1284.675,0.2182
482,1572.344,1286.271,1572.336,1286.429,0.1584
483,1634.820,1288.031,1634.709,1287.997,0.1161
484,1696.767,1289.773,1696.893,1289.749,0.1285
485,1759.461,1291.780,1759.459,1291.817,0.0370
486,155.489,1360.886,155.528,1360.732,0.1590
487,218.636,1358.266,218.503,1358.406,0.1935
488,281.091,1356.296,281.114,1356.247,0.0542
489,343.874,1354.145,343.880,1354.183,0.0386
490,405.522,1352.442,405.568,1352.368,0.0873
491,468.463,1350.796,468.318,1350.835,0.1498
492,529.268,1349.401,529.296,1349.372,0.0403
493,591.922,1348.213,591.861,1348.059,0.1660
494,652.782,1347.106,652.832,1347.008,0.1101
495,714.913,1346.312,714.840,1346.116,0.2085
496,775.403,1345.606,775.428,1345.491,0.1175
497,837.315,1345.117,837.270,1345.054,0.0779
498,898.155,1344.908,898.209,1344.688,0.2266
499,959.569,1344.727,959.546,1344.639,0.0908
500,1020.592,1344.841,1020.688,1344.770,0.1200
501,1082.242,1345.154,1082.209,1344.980,0.1769
502,1142.897,1345.594,1142.953,1345.534,0.0821
503,1204.874,1346.305,1204.869,1346.245,0.0603
504,1265.517,1347.129,1265.540,1346.986,0.1445
505,1327.774,1348.171,1327.698,1348.128,0.0873
506,1388.684,1349.312,1388.753,1349.335,0.0728
507,1451.680,1350.862,1451.218,1350.795,0.4662
508,1512.690,1352.430,1512.760,1352.484,0.0884
509,1575.622,1354.268,1575.644,1354.309,0.0459
510,1637.605,1356.185,1637.646,1356.193,0.0415
511,1700.582,1358.453,1700.614,1358.497,0.0537
512,1763.505,1360.727,1763.447,1360.674,0.0781
